{"train_loss": [0.638945957756879, 0.3436839111018599, 0.25645914705176104, 0.22353602666081043, 0.19802093291491793, 0.19192302483215667, 0.16284633613469307, 0.16392215845877664, 0.15744255545892213, 0.14908483836211656, 0.1360782846024162, 0.1398878561561568, 0.1315874546504857, 0.1259592605918123, 0.12078681185580137, 0.12289207073157293, 0.11977901969170361, 0.11356829622466313, 0.12189155926829891, 0.11172457049813186, 0.10600297008559369, 0.09838647056174905, 0.10332230898110491, 0.09903521239757537, 0.10509005171949404, 0.09907720100722815, 0.09394219467383727, 0.0936712760805038, 0.0985415511878959, 0.09288448257404461, 0.09339227816253377], "val_loss": [0.31551268696784973, 0.20183561742305756, 0.1478177011013031, 0.12117552757263184, 0.10546424239873886, 0.10122379660606384, 0.10284604132175446, 0.09427336603403091, 0.09431447833776474, 0.08481329679489136, 0.08744707703590393, 0.07483023405075073, 0.07710757106542587, 0.07753592729568481, 0.07153286784887314, 0.07692793011665344, 0.08308608084917068, 0.07586907595396042, 0.07026851922273636, 0.0775124728679657, 0.0743822455406189, 0.07422694563865662, 0.07380431890487671, 0.07585325092077255, 0.07178126275539398, 0.08002934604883194, 0.07759995013475418, 0.07736042141914368, 0.07513642311096191, 0.07907047122716904, 0.07360167801380157], "train_f1": [0.9536969634758317, 0.9687642321832023, 0.9778864340749487, 0.9846323852770267, 0.9862210279023872, 0.9861673365454418, 0.9893855737797753, 0.9919654049885994, 0.9927331771713471, 0.9928246718666652, 0.992812092122116, 0.992680138054346, 0.9945721515341304, 0.9937984933400142, 0.9952418590462705, 0.9948061177684813, 0.9937342596893299, 0.994699156729867, 0.9942303123702413, 0.9934183533131821, 0.9947051759419463, 0.9944696853286593, 0.9953578901812815, 0.9954707742635932, 0.9956887034093491, 0.9914957703935401, 0.994818876802618, 0.9921517386502706, 0.9954702501463957, 0.9928910401361817, 0.9946157648029798], "val_f1": [0.9570907704311016, 0.9747340455025684, 0.9856523053193129, 0.991175252175021, 0.9912089240709784, 0.9903721758330029, 0.9946898590164948, 0.993835881124649, 0.9933928309326179, 0.9951475304591132, 0.9929356125524337, 0.9942563886437169, 0.9955826239572053, 0.994702346651828, 0.9955880174620774, 0.9933869481546858, 0.9929684362230098, 0.9933869481546858, 0.9964669765494705, 0.9934427863289157, 0.9938497586742229, 0.9951469590829947, 0.9938261683599876, 0.9951602182428041, 0.9951496689956142, 0.9908701937423825, 0.9951602182428041, 0.9921488444638247, 0.9951554484464563, 0.991690053030303, 0.9929826695311295], "best_epoch": 18, "best_val_f1": 0.9964669765494705, "stopped_early": true}