{"train_loss": [1.0678496678670248, 1.0521349438449792, 1.047994225485283, 1.0469639087978162, 1.0378223471474228, 1.042356298262613, 1.0388652550546746, 1.0361180041965685, 1.0359034856160483, 1.0344730732733742, 1.0344606228042068, 1.031668322337301, 1.0338110645612082, 1.0304391258641292], "val_loss": [1.0629204511642456, 1.0646592378616333, 1.055503487586975, 1.0549298524856567, 1.0561859607696533, 1.0516215562820435, 1.049777626991272, 1.052124261856079, 1.0522685050964355, 1.048797607421875, 1.0543103218078613, 1.0523133277893066, 1.0539828538894653, 1.0492987632751465], "train_f1": [0.7063742192469471, 0.71098769060129, 0.6902511831383793, 0.676840268131265, 0.685138831584594, 0.5975416235251955, 0.6690479109830897, 0.6160840911905306, 0.6730548641587304, 0.6426278627870708, 0.6407191708629478, 0.6599775618126719, 0.668617685936913, 0.6501285121340666], "val_f1": [0.7037888818511109, 0.7040663192470384, 0.6822814317757973, 0.6694135505902391, 0.6774481769905104, 0.5998725560076009, 0.6602790782681146, 0.6124851815194304, 0.666016135679317, 0.6326720179233811, 0.6314649322838092, 0.6525064997347668, 0.6625351390698433, 0.6399270854370865], "best_epoch": 1, "best_val_f1": 0.7040663192470384, "stopped_early": true}